<keymap version="1" name="GNOME Proper Redo" parent="Default for GNOME">
  <action id="$Redo">
    <keyboard-shortcut first-keystroke="shift ctrl z" />
    <keyboard-shortcut first-keystroke="shift alt back_space" />
    <keyboard-shortcut first-keystroke="ctrl y" />
  </action>
  <action id="AceAction">
    <keyboard-shortcut first-keystroke="ctrl comma" />
  </action>
  <action id="AceLineAction">
    <keyboard-shortcut first-keystroke="shift ctrl comma" />
  </action>
  <action id="AceTargetAction">
    <keyboard-shortcut first-keystroke="ctrl alt comma" />
  </action>
  <action id="EditorDeleteLine" />
</keymap>